{"cameraMode":{"drawMode":0,"name":"Shaded","section":"Shading Mode"},"sceneLighting":false,"audioPlay":false,"sceneViewState":{"showFog":true,"showMaterialUpdate":false,"showSkybox":false,"showFlares":true,"showImageEffects":true,"showParticleSystems":true},"in2DMode":false,"pivot":{"x":-0.6432940363883972,"y":2.301041841506958,"z":-0.18482354283332826},"rotation":{"x":0.23248083889484406,"y":0.20248501002788545,"z":-0.049551453441381457,"w":0.9499993920326233},"size":7.012503147125244,"orthographic":false}